Job Role,Skills
Data Scientist,"Python, Machine Learning, Statistics, Deep Learning, TensorFlow, Data Visualization, SQL, Pandas, NumPy, Scikit-Learn, Natural Language Processing, Feature Engineering"
Backend Developer,"Python, Java, REST API, Microservices, Docker, SQL, PostgreSQL, Redis, Message Queues, Authentication, Linux, Git"
Frontend Developer,"JavaScript, React, HTML, CSS, TypeScript, Webpack, Responsive Design, UI/UX, Redux, GraphQL, Accessibility, Browser DevTools"
DevOps Engineer,"Docker, Kubernetes, CI/CD, Terraform, AWS, Linux, Ansible, Monitoring, Shell Scripting, Cloud Computing, Jenkins, Infrastructure as Code"
Full Stack Developer,"JavaScript, Python, React, Node.js, REST API, SQL, MongoDB, Docker, HTML, CSS, Git, Agile"
Machine Learning Engineer,"Python, TensorFlow, PyTorch, Deep Learning, Machine Learning, MLOps, Kubernetes, Docker, Feature Engineering, Model Deployment, Scikit-Learn, Cloud Computing"
Cloud Architect,"AWS, Azure, Google Cloud, Cloud Computing, Terraform, Networking, Security, Serverless, Microservices, Cost Optimization, Infrastructure as Code, Kubernetes"
Data Engineer,"Python, Apache Spark, SQL, ETL, Airflow, Kafka, Data Warehousing, Hadoop, Cloud Computing, Data Modeling, Docker, Scala"
Cybersecurity Analyst,"Network Security, Penetration Testing, SIEM, Firewalls, Incident Response, Vulnerability Assessment, Cryptography, Linux, Compliance, Threat Intelligence, Security Auditing, Python"
Mobile App Developer,"Kotlin, Swift, React Native, Flutter, REST API, Firebase, UI/UX, Git, SQLite, Push Notifications, App Store Deployment, Agile"
AI Research Scientist,"Python, Deep Learning, PyTorch, Natural Language Processing, Computer Vision, Reinforcement Learning, Mathematics, Statistics, Research Methodology, TensorFlow, Linear Algebra, Probability"
Site Reliability Engineer,"Linux, Kubernetes, Docker, Monitoring, Cloud Computing, Python, Shell Scripting, Incident Management, Automation, CI/CD, Terraform, Observability"
Database Administrator,"SQL, PostgreSQL, MySQL, Oracle, Database Tuning, Backup Recovery, Replication, Indexing, Data Modeling, Security, Linux, Monitoring"
Blockchain Developer,"Solidity, Ethereum, Smart Contracts, Web3, Cryptography, JavaScript, Distributed Systems, Consensus Algorithms, DeFi, Tokenomics, Rust, Security"
QA Automation Engineer,"Selenium, Python, Test Automation, CI/CD, API Testing, Performance Testing, Agile, JIRA, Git, SQL, Docker, Behavior Driven Development"
Embedded Systems Engineer,"C, C++, RTOS, Microcontrollers, Firmware, IoT, Hardware Interfaces, Serial Communication, Debugging, Assembly, Linux, Embedded Linux"
NLP Engineer,"Python, Natural Language Processing, Transformers, BERT, SpaCy, Text Classification, Sentiment Analysis, Deep Learning, TensorFlow, Hugging Face, Information Retrieval, Named Entity Recognition"
Game Developer,"C++, Unity, Unreal Engine, Game Physics, 3D Modeling, Shaders, OpenGL, Game AI, Version Control, C#, Mathematics, Optimization"
Robotics Engineer,"Python, ROS, Computer Vision, Sensor Fusion, C++, Control Systems, Kinematics, Simulation, Machine Learning, Path Planning, Embedded Systems, Linux"
IT Systems Administrator,"Windows Server, Active Directory, Networking, PowerShell, Virtualization, Backup Solutions, Linux, DNS, DHCP, Security, Monitoring, Cloud Computing"
